Nama Asuransi,kategori,produk_id,user_id,Rating,Premi Asuransi
Perlindungan Kesehatan Ultima,Kesehatan,P0001,U0026,3.3,5923200
Safety Guard Critical Cover,Kesehatan,P0002,U0062,4.3,5706000
Hospital 100% Refudable,Kesehatan,P0003,U0153,3.9,1236000
Bima Proteksi Kesehatanku,Kesehatan,P0004,U0091,3.3,874800
Pelindung Penyakit Kritis,Kesehatan,P0005,U0200,4.9,217200
Blu Health Protection,Kesehatan,P0006,U0156,4,1843200
Proteksi Kesehatan (BCA Life Prokes),Kesehatan,P0007,U0089,2.9,3072000
Perlindungan Kritis Optima (BCA Life PELITA),Kesehatan,P0008,U0037,4,1600800
PRUSehat,Kesehatan,P0009,U0113,2.9,2760000
PRUWell Medical,Kesehatan,P0010,U0164,3.8,6000000
PRUWell Health,Kesehatan,P0011,U0010,5,6000000
Premier Hospital & Surgical Saver,Kesehatan,P0012,U0194,4.4,2890964.211
Premier Hospital & Surgical Extra,Kesehatan,P0013,U0128,4.4,2890964.211
Proteksi Kesehatan Ultima (PRATAMA),Kesehatan,P0014,U0075,3.7,2890964.211
AIA Health X,Kesehatan,P0015,U0100,3.2,2890964.211
Proteksi Prima,Kesehatan,P0016,U0077,4.8,1315560
Solusi Proteksi Sehat,Kesehatan,P0017,U0171,4.3,1315560
Solusi Dana Kesehatan,Kesehatan,P0018,U0188,4.9,1080000
Allianz Flexi Medical,Kesehatan,P0019,U0116,3.7,5160000
SmartHealth Maxi Violet,Kesehatan,P0020,U0116,3.3,7944000
Simas sehat gold,Kesehatan,P0021,U0081,5,1428000
Flexi hospital and surgical,Kesehatan,P0022,U0096,1.8,1376000
Flexi critical ilnes,Kesehatan,P0023,U0181,4.8,76000
Perlindungan Kesehatan Ultima,Kesehatan,P0024,U0064,4.1,5923200
Safety Guard Critical Cover,Kesehatan,P0025,U0169,3.4,5706000
Hospital 100% Refudable,Kesehatan,P0026,U0131,3.9,1236000
Bima Proteksi Kesehatanku,Kesehatan,P0027,U0054,2.9,874800
Pelindung Penyakit Kritis,Kesehatan,P0028,U0064,3.7,217200
Blu Health Protection,Kesehatan,P0029,U0003,3.4,1843200
Proteksi Kesehatan (BCA Life Prokes),Kesehatan,P0030,U0002,3.6,3072000
Perlindungan Kritis Optima (BCA Life PELITA),Kesehatan,P0031,U0119,3.3,1600800
PRUSehat,Kesehatan,P0032,U0180,5,2760000
PRUWell Medical,Kesehatan,P0033,U0012,4.9,6000000
PRUWell Health,Kesehatan,P0034,U0063,3.7,6000000
Premier Hospital & Surgical Saver,Kesehatan,P0035,U0146,4,2890964.211
Premier Hospital & Surgical Extra,Kesehatan,P0036,U0166,3.3,2890964.211
Proteksi Kesehatan Ultima (PRATAMA),Kesehatan,P0037,U0085,4.9,2890964.211
AIA Health X,Kesehatan,P0038,U0009,3.5,2890964.211
Proteksi Prima,Kesehatan,P0039,U0199,2.3,1315560
Solusi Proteksi Sehat,Kesehatan,P0040,U0125,3.2,1315560
Solusi Dana Kesehatan,Kesehatan,P0041,U0066,4.1,1080000
Allianz Flexi Medical,Kesehatan,P0042,U0078,3.5,5160000
SmartHealth Maxi Violet,Kesehatan,P0043,U0061,3.3,7944000
Simas sehat gold,Kesehatan,P0044,U0056,3.9,1428000
Flexi hospital and surgical,Kesehatan,P0045,U0102,3.8,1376000
Flexi critical ilnes,Kesehatan,P0046,U0135,3.6,76000
Perlindungan Kesehatan Ultima,Kesehatan,P0047,U0180,4.6,5923200
Safety Guard Critical Cover,Kesehatan,P0048,U0159,4.1,5706000
Hospital 100% Refudable,Kesehatan,P0049,U0106,2.4,1236000
Bima Proteksi Kesehatanku,Kesehatan,P0050,U0057,3.7,874800
Pelindung Penyakit Kritis,Kesehatan,P0051,U0078,4.2,217200
Blu Health Protection,Kesehatan,P0052,U0149,4.4,1843200
Proteksi Kesehatan (BCA Life Prokes),Kesehatan,P0053,U0065,3.9,3072000
Perlindungan Kritis Optima (BCA Life PELITA),Kesehatan,P0054,U0029,4,1600800
PRUSehat,Kesehatan,P0055,U0125,3.8,2760000
PRUWell Medical,Kesehatan,P0056,U0154,3.8,6000000
PRUWell Health,Kesehatan,P0057,U0107,3.7,6000000
Premier Hospital & Surgical Saver,Kesehatan,P0058,U0133,4.6,2890964.211
Premier Hospital & Surgical Extra,Kesehatan,P0059,U0013,3.8,2890964.211
Proteksi Kesehatan Ultima (PRATAMA),Kesehatan,P0060,U0140,4.5,2890964.211
AIA Health X,Kesehatan,P0061,U0131,3.5,2890964.211
Proteksi Prima,Kesehatan,P0062,U0037,4,1315560
Solusi Proteksi Sehat,Kesehatan,P0063,U0084,4.6,1315560
Solusi Dana Kesehatan,Kesehatan,P0064,U0112,3.4,1080000
Allianz Flexi Medical,Kesehatan,P0065,U0030,2.5,5160000
SmartHealth Maxi Violet,Kesehatan,P0066,U0011,4,7944000
Simas sehat gold,Kesehatan,P0067,U0187,3.9,1428000
Flexi hospital and surgical,Kesehatan,P0068,U0158,4,1376000
Flexi critical ilnes,Kesehatan,P0069,U0044,3.4,76000
Perlindungan Kesehatan Ultima,Kesehatan,P0070,U0053,5,5923200
Safety Guard Critical Cover,Kesehatan,P0071,U0066,4.1,5706000
Hospital 100% Refudable,Kesehatan,P0072,U0045,3.8,1236000
Bima Proteksi Kesehatanku,Kesehatan,P0073,U0132,4.7,874800
Pelindung Penyakit Kritis,Kesehatan,P0074,U0010,4,217200
Blu Health Protection,Kesehatan,P0075,U0069,4.7,1843200
Proteksi Kesehatan (BCA Life Prokes),Kesehatan,P0076,U0081,4.8,3072000
Perlindungan Kritis Optima (BCA Life PELITA),Kesehatan,P0077,U0034,4.4,1600800
PRUSehat,Kesehatan,P0078,U0029,3.8,2760000
PRUWell Medical,Kesehatan,P0079,U0135,3.8,6000000
PRUWell Health,Kesehatan,P0080,U0045,4.9,6000000
Premier Hospital & Surgical Saver,Kesehatan,P0081,U0117,4.4,2890964.211
Premier Hospital & Surgical Extra,Kesehatan,P0082,U0163,4.8,2890964.211
Proteksi Kesehatan Ultima (PRATAMA),Kesehatan,P0083,U0050,5,2890964.211
AIA Health X,Kesehatan,P0084,U0069,3,2890964.211
Proteksi Prima,Kesehatan,P0085,U0176,4.3,1315560
Solusi Proteksi Sehat,Kesehatan,P0086,U0092,5,1315560
Solusi Dana Kesehatan,Kesehatan,P0087,U0032,4.9,1080000
Allianz Flexi Medical,Kesehatan,P0088,U0018,4.6,5160000
SmartHealth Maxi Violet,Kesehatan,P0089,U0067,3.6,7944000
Simas sehat gold,Kesehatan,P0090,U0061,3.4,1428000
Flexi hospital and surgical,Kesehatan,P0091,U0067,4.7,1376000
Flexi critical ilnes,Kesehatan,P0092,U0048,3,76000
Perlindungan Kesehatan Ultima,Kesehatan,P0093,U0044,4.8,5923200
Safety Guard Critical Cover,Kesehatan,P0094,U0081,4,5706000
Hospital 100% Refudable,Kesehatan,P0095,U0174,4.6,1236000
Bima Proteksi Kesehatanku,Kesehatan,P0096,U0027,4.5,874800
Pelindung Penyakit Kritis,Kesehatan,P0097,U0129,4.9,217200
Blu Health Protection,Kesehatan,P0098,U0064,4.2,1843200
Proteksi Kesehatan (BCA Life Prokes),Kesehatan,P0099,U0191,3.8,3072000
Perlindungan Kritis Optima (BCA Life PELITA),Kesehatan,P0100,U0013,4.4,1600800
PRUSehat,Kesehatan,P0101,U0105,4.9,2760000
PRUWell Medical,Kesehatan,P0102,U0128,4,6000000
PRUWell Health,Kesehatan,P0103,U0032,3.4,6000000
Premier Hospital & Surgical Saver,Kesehatan,P0104,U0070,4.5,2890964.211
Premier Hospital & Surgical Extra,Kesehatan,P0105,U0023,4.5,2890964.211
Proteksi Kesehatan Ultima (PRATAMA),Kesehatan,P0106,U0010,4.1,2890964.211
AIA Health X,Kesehatan,P0107,U0152,3.3,2890964.211
Proteksi Prima,Kesehatan,P0108,U0012,3.6,1315560
Solusi Proteksi Sehat,Kesehatan,P0109,U0062,4.9,1315560
Solusi Dana Kesehatan,Kesehatan,P0110,U0182,4.3,1080000
Allianz Flexi Medical,Kesehatan,P0111,U0020,3.2,5160000
SmartHealth Maxi Violet,Kesehatan,P0112,U0134,3.4,7944000
Simas sehat gold,Kesehatan,P0113,U0086,3.3,1428000
Flexi hospital and surgical,Kesehatan,P0114,U0050,3.4,1376000
Flexi critical ilnes,Kesehatan,P0115,U0157,4.4,76000
Perlindungan Kesehatan Ultima,Kesehatan,P0116,U0021,3.7,5923200
Safety Guard Critical Cover,Kesehatan,P0117,U0072,3.6,5706000
Hospital 100% Refudable,Kesehatan,P0118,U0167,4,1236000
Bima Proteksi Kesehatanku,Kesehatan,P0119,U0089,4.3,874800
Pelindung Penyakit Kritis,Kesehatan,P0120,U0166,4,217200
Blu Health Protection,Kesehatan,P0121,U0016,3.7,1843200
Proteksi Kesehatan (BCA Life Prokes),Kesehatan,P0122,U0087,4.1,3072000
Perlindungan Kritis Optima (BCA Life PELITA),Kesehatan,P0123,U0141,4,1600800
PRUSehat,Kesehatan,P0124,U0119,5,2760000
PRUWell Medical,Kesehatan,P0125,U0167,4.5,6000000
PRUWell Health,Kesehatan,P0126,U0014,4.4,6000000
Premier Hospital & Surgical Saver,Kesehatan,P0127,U0071,4.5,2890964.211
Premier Hospital & Surgical Extra,Kesehatan,P0128,U0007,4.1,2890964.211
Proteksi Kesehatan Ultima (PRATAMA),Kesehatan,P0129,U0128,4.3,2890964.211
AIA Health X,Kesehatan,P0130,U0130,3.5,2890964.211
Proteksi Prima,Kesehatan,P0131,U0098,4.4,1315560
Solusi Proteksi Sehat,Kesehatan,P0132,U0134,4.7,1315560
Solusi Dana Kesehatan,Kesehatan,P0133,U0177,3.9,1080000
Allianz Flexi Medical,Kesehatan,P0134,U0017,5,5160000
SmartHealth Maxi Violet,Kesehatan,P0135,U0189,4.5,7944000
Simas sehat gold,Kesehatan,P0136,U0183,3.7,1428000
Flexi hospital and surgical,Kesehatan,P0137,U0097,4.3,1376000
Flexi critical ilnes,Kesehatan,P0138,U0145,3.9,76000
Perlindungan Kesehatan Ultima,Kesehatan,P0139,U0124,4.7,5923200
Safety Guard Critical Cover,Kesehatan,P0140,U0197,2.4,5706000
Hospital 100% Refudable,Kesehatan,P0141,U0104,3.2,1236000
Bima Proteksi Kesehatanku,Kesehatan,P0142,U0162,4.2,874800
Pelindung Penyakit Kritis,Kesehatan,P0143,U0102,4.3,217200
Blu Health Protection,Kesehatan,P0144,U0001,3.3,1843200
Proteksi Kesehatan (BCA Life Prokes),Kesehatan,P0145,U0062,4,3072000
Perlindungan Kritis Optima (BCA Life PELITA),Kesehatan,P0146,U0147,3.4,1600800
PRUSehat,Kesehatan,P0147,U0088,4.4,2760000
PRUWell Medical,Kesehatan,P0148,U0070,4.5,6000000
PRUWell Health,Kesehatan,P0149,U0078,4.3,6000000
Premier Hospital & Surgical Saver,Kesehatan,P0150,U0078,3.3,2890964.211
Premier Hospital & Surgical Extra,Kesehatan,P0151,U0182,2.9,2890964.211
Proteksi Kesehatan Ultima (PRATAMA),Kesehatan,P0152,U0077,3,2890964.211
AIA Health X,Kesehatan,P0153,U0099,5,2890964.211
Proteksi Prima,Kesehatan,P0154,U0036,4.5,1315560
Solusi Proteksi Sehat,Kesehatan,P0155,U0025,3.9,1315560
Solusi Dana Kesehatan,Kesehatan,P0156,U0056,3.5,1080000
Allianz Flexi Medical,Kesehatan,P0157,U0033,4.6,5160000
SmartHealth Maxi Violet,Kesehatan,P0158,U0129,3.6,7944000
Simas sehat gold,Kesehatan,P0159,U0182,3.9,1428000
Flexi hospital and surgical,Kesehatan,P0160,U0049,3.2,1376000
Flexi critical ilnes,Kesehatan,P0161,U0093,4.2,76000
Perlindungan Kesehatan Ultima,Kesehatan,P0162,U0026,4.1,5923200
Safety Guard Critical Cover,Kesehatan,P0163,U0168,4.9,5706000
Hospital 100% Refudable,Kesehatan,P0164,U0020,5,1236000
Bima Proteksi Kesehatanku,Kesehatan,P0165,U0061,3,874800
Pelindung Penyakit Kritis,Kesehatan,P0166,U0136,2.7,217200
Blu Health Protection,Kesehatan,P0167,U0058,3.7,1843200
Proteksi Kesehatan (BCA Life Prokes),Kesehatan,P0168,U0054,3.9,3072000
Perlindungan Kritis Optima (BCA Life PELITA),Kesehatan,P0169,U0091,4.5,1600800
PRUSehat,Kesehatan,P0170,U0188,4.6,2760000
PRUWell Medical,Kesehatan,P0171,U0014,3.3,6000000
PRUWell Health,Kesehatan,P0172,U0027,3.3,6000000
Premier Hospital & Surgical Saver,Kesehatan,P0173,U0181,3.9,2890964.211
Premier Hospital & Surgical Extra,Kesehatan,P0174,U0142,4.9,2890964.211
Proteksi Kesehatan Ultima (PRATAMA),Kesehatan,P0175,U0154,3.4,2890964.211
AIA Health X,Kesehatan,P0176,U0146,4.3,2890964.211
Proteksi Prima,Kesehatan,P0177,U0049,3.1,1315560
Solusi Proteksi Sehat,Kesehatan,P0178,U0141,4.1,1315560
Solusi Dana Kesehatan,Kesehatan,P0179,U0056,2.9,1080000
Allianz Flexi Medical,Kesehatan,P0180,U0114,3.8,5160000
SmartHealth Maxi Violet,Kesehatan,P0181,U0176,3.9,7944000
Simas sehat gold,Kesehatan,P0182,U0030,4.6,1428000
Flexi hospital and surgical,Kesehatan,P0183,U0007,3.3,1376000
Flexi critical ilnes,Kesehatan,P0184,U0007,4,76000
Perlindungan Kesehatan Ultima,Kesehatan,P0185,U0074,3.8,5923200
Safety Guard Critical Cover,Kesehatan,P0186,U0106,3.4,5706000
Hospital 100% Refudable,Kesehatan,P0187,U0029,4,1236000
Bima Proteksi Kesehatanku,Kesehatan,P0188,U0079,3.1,874800
Pelindung Penyakit Kritis,Kesehatan,P0189,U0157,4.9,217200
Blu Health Protection,Kesehatan,P0190,U0075,3.4,1843200
Proteksi Kesehatan (BCA Life Prokes),Kesehatan,P0191,U0092,4.8,3072000
Perlindungan Kritis Optima (BCA Life PELITA),Kesehatan,P0192,U0044,5,1600800
PRUSehat,Kesehatan,P0193,U0077,2.8,2760000
PRUWell Medical,Kesehatan,P0194,U0167,4,6000000
PRUWell Health,Kesehatan,P0195,U0018,4,6000000
Premier Hospital & Surgical Saver,Kesehatan,P0196,U0175,3.6,2890964.211
Premier Hospital & Surgical Extra,Kesehatan,P0197,U0186,5,2890964.211
Proteksi Kesehatan Ultima (PRATAMA),Kesehatan,P0198,U0085,3.1,2890964.211
AIA Health X,Kesehatan,P0199,U0013,3.7,2890964.211
Proteksi Prima,Kesehatan,P0200,U0004,3.3,1315560
Solusi Proteksi Sehat,Kesehatan,P0201,U0187,3.8,1315560
Solusi Dana Kesehatan,Kesehatan,P0202,U0078,4.6,1080000
Allianz Flexi Medical,Kesehatan,P0203,U0100,5,5160000
SmartHealth Maxi Violet,Kesehatan,P0204,U0121,4.1,7944000
Simas sehat gold,Kesehatan,P0205,U0037,4.1,1428000
Flexi hospital and surgical,Kesehatan,P0206,U0014,4.6,1376000
Flexi critical ilnes,Kesehatan,P0207,U0078,4.4,76000
Perlindungan Kesehatan Ultima,Kesehatan,P0208,U0181,3.7,5923200
Safety Guard Critical Cover,Kesehatan,P0209,U0037,3.6,5706000
Hospital 100% Refudable,Kesehatan,P0210,U0077,3.9,1236000
Bima Proteksi Kesehatanku,Kesehatan,P0211,U0067,3.1,874800
Pelindung Penyakit Kritis,Kesehatan,P0212,U0092,3.5,217200
Blu Health Protection,Kesehatan,P0213,U0097,3,1843200
Proteksi Kesehatan (BCA Life Prokes),Kesehatan,P0214,U0090,4.2,3072000
Perlindungan Kritis Optima (BCA Life PELITA),Kesehatan,P0215,U0033,3.8,1600800
PRUSehat,Kesehatan,P0216,U0058,5,2760000
PRUWell Medical,Kesehatan,P0217,U0110,4.1,6000000
PRUWell Health,Kesehatan,P0218,U0154,3.9,6000000
Premier Hospital & Surgical Saver,Kesehatan,P0219,U0181,2.4,2890964.211
Premier Hospital & Surgical Extra,Kesehatan,P0220,U0196,3.7,2890964.211
Proteksi Kesehatan Ultima (PRATAMA),Kesehatan,P0221,U0049,4.2,2890964.211
AIA Health X,Kesehatan,P0222,U0102,3.3,2890964.211
Proteksi Prima,Kesehatan,P0223,U0078,2.9,1315560
Solusi Proteksi Sehat,Kesehatan,P0224,U0155,4.1,1315560
Solusi Dana Kesehatan,Kesehatan,P0225,U0181,4,1080000
Allianz Flexi Medical,Kesehatan,P0226,U0149,4.2,5160000
SmartHealth Maxi Violet,Kesehatan,P0227,U0123,4.9,7944000
Simas sehat gold,Kesehatan,P0228,U0104,3,1428000
Flexi hospital and surgical,Kesehatan,P0229,U0035,4.4,1376000
Flexi critical ilnes,Kesehatan,P0230,U0011,4.2,76000
Perlindungan Kesehatan Ultima,Kesehatan,P0231,U0130,4.8,5923200
Safety Guard Critical Cover,Kesehatan,P0232,U0098,2.5,5706000
Hospital 100% Refudable,Kesehatan,P0233,U0069,3.4,1236000
Bima Proteksi Kesehatanku,Kesehatan,P0234,U0105,4.2,874800
Pelindung Penyakit Kritis,Kesehatan,P0235,U0087,5,217200
Blu Health Protection,Kesehatan,P0236,U0019,5,1843200
Proteksi Kesehatan (BCA Life Prokes),Kesehatan,P0237,U0142,3.2,3072000
Perlindungan Kritis Optima (BCA Life PELITA),Kesehatan,P0238,U0152,4.4,1600800
PRUSehat,Kesehatan,P0239,U0131,3.3,2760000
PRUWell Medical,Kesehatan,P0240,U0122,4.7,6000000
PRUWell Health,Kesehatan,P0241,U0165,5,6000000
Premier Hospital & Surgical Saver,Kesehatan,P0242,U0011,4,2890964.211
Premier Hospital & Surgical Extra,Kesehatan,P0243,U0064,4.1,2890964.211
Proteksi Kesehatan Ultima (PRATAMA),Kesehatan,P0244,U0177,3.6,2890964.211
AIA Health X,Kesehatan,P0245,U0054,3.4,2890964.211
Proteksi Prima,Kesehatan,P0246,U0158,3.9,1315560
Solusi Proteksi Sehat,Kesehatan,P0247,U0066,3.2,1315560
Solusi Dana Kesehatan,Kesehatan,P0248,U0096,4.8,1080000
Allianz Flexi Medical,Kesehatan,P0249,U0014,3.3,5160000
SmartHealth Maxi Violet,Kesehatan,P0250,U0004,3.6,7944000
Simas sehat gold,Kesehatan,P0251,U0053,3.1,1428000
Flexi hospital and surgical,Kesehatan,P0252,U0164,3.9,1376000
Flexi critical ilnes,Kesehatan,P0253,U0081,4,76000
Perlindungan Kesehatan Ultima,Kesehatan,P0254,U0013,4.5,5923200
Safety Guard Critical Cover,Kesehatan,P0255,U0015,4.7,5706000
Hospital 100% Refudable,Kesehatan,P0256,U0193,3.8,1236000
Bima Proteksi Kesehatanku,Kesehatan,P0257,U0024,3.7,874800
Pelindung Penyakit Kritis,Kesehatan,P0258,U0068,4.5,217200
Blu Health Protection,Kesehatan,P0259,U0158,3.5,1843200
Proteksi Kesehatan (BCA Life Prokes),Kesehatan,P0260,U0109,4.8,3072000
Perlindungan Kritis Optima (BCA Life PELITA),Kesehatan,P0261,U0079,4.2,1600800
PRUSehat,Kesehatan,P0262,U0073,3.5,2760000
PRUWell Medical,Kesehatan,P0263,U0147,4.2,6000000
PRUWell Health,Kesehatan,P0264,U0108,3.6,6000000
Premier Hospital & Surgical Saver,Kesehatan,P0265,U0100,3.8,2890964.211
Premier Hospital & Surgical Extra,Kesehatan,P0266,U0059,4.9,2890964.211
Proteksi Kesehatan Ultima (PRATAMA),Kesehatan,P0267,U0077,4.9,2890964.211
AIA Health X,Kesehatan,P0268,U0017,3.7,2890964.211
Proteksi Prima,Kesehatan,P0269,U0149,3.8,1315560
Solusi Proteksi Sehat,Kesehatan,P0270,U0105,5,1315560
Solusi Dana Kesehatan,Kesehatan,P0271,U0148,4.7,1080000
Allianz Flexi Medical,Kesehatan,P0272,U0026,3.9,5160000
SmartHealth Maxi Violet,Kesehatan,P0273,U0118,4,7944000
Simas sehat gold,Kesehatan,P0274,U0019,4.6,1428000
Flexi hospital and surgical,Kesehatan,P0275,U0115,4,1376000
Flexi critical ilnes,Kesehatan,P0276,U0110,3.5,76000
Perlindungan Kesehatan Ultima,Kesehatan,P0277,U0026,4.1,5923200
Safety Guard Critical Cover,Kesehatan,P0278,U0175,3.5,5706000
Hospital 100% Refudable,Kesehatan,P0279,U0121,3.7,1236000
Bima Proteksi Kesehatanku,Kesehatan,P0280,U0099,4.8,874800
Pelindung Penyakit Kritis,Kesehatan,P0281,U0189,4.3,217200
Blu Health Protection,Kesehatan,P0282,U0101,4.7,1843200
Proteksi Kesehatan (BCA Life Prokes),Kesehatan,P0283,U0028,3.5,3072000
Perlindungan Kritis Optima (BCA Life PELITA),Kesehatan,P0284,U0153,4.1,1600800
PRUSehat,Kesehatan,P0285,U0072,4.2,2760000
PRUWell Medical,Kesehatan,P0286,U0133,3.9,6000000
PRUWell Health,Kesehatan,P0287,U0102,4.2,6000000
Premier Hospital & Surgical Saver,Kesehatan,P0288,U0038,4,2890964.211
Premier Hospital & Surgical Extra,Kesehatan,P0289,U0146,4.1,2890964.211
Proteksi Kesehatan Ultima (PRATAMA),Kesehatan,P0290,U0190,3.5,2890964.211
AIA Health X,Kesehatan,P0291,U0169,4.4,2890964.211
Proteksi Prima,Kesehatan,P0292,U0113,2.6,1315560
Solusi Proteksi Sehat,Kesehatan,P0293,U0146,5,1315560
Solusi Dana Kesehatan,Kesehatan,P0294,U0080,3.9,1080000
Allianz Flexi Medical,Kesehatan,P0295,U0190,4,5160000
SmartHealth Maxi Violet,Kesehatan,P0296,U0133,3.8,7944000
Simas sehat gold,Kesehatan,P0297,U0062,3,1428000
Flexi hospital and surgical,Kesehatan,P0298,U0026,4.7,1376000
Flexi critical ilnes,Kesehatan,P0299,U0190,3.1,76000
Perlindungan Kesehatan Ultima,Kesehatan,P0300,U0053,3.9,5923200
Safety Guard Critical Cover,Kesehatan,P0301,U0195,3.4,5706000
Hospital 100% Refudable,Kesehatan,P0302,U0064,3.8,1236000
Bima Proteksi Kesehatanku,Kesehatan,P0303,U0170,3.8,874800
Pelindung Penyakit Kritis,Kesehatan,P0304,U0078,2.6,217200
Blu Health Protection,Kesehatan,P0305,U0018,5,1843200
Proteksi Kesehatan (BCA Life Prokes),Kesehatan,P0306,U0108,4.4,3072000
Perlindungan Kritis Optima (BCA Life PELITA),Kesehatan,P0307,U0170,4,1600800
PRUSehat,Kesehatan,P0308,U0130,4,2760000
PRUWell Medical,Kesehatan,P0309,U0115,4.7,6000000
PRUWell Health,Kesehatan,P0310,U0199,5,6000000
Premier Hospital & Surgical Saver,Kesehatan,P0311,U0099,3.8,2890964.211
Premier Hospital & Surgical Extra,Kesehatan,P0312,U0164,2.7,2890964.211
Proteksi Kesehatan Ultima (PRATAMA),Kesehatan,P0313,U0038,4.6,2890964.211
AIA Health X,Kesehatan,P0314,U0097,4.6,2890964.211
Proteksi Prima,Kesehatan,P0315,U0065,4.2,1315560
Solusi Proteksi Sehat,Kesehatan,P0316,U0066,4.5,1315560
Solusi Dana Kesehatan,Kesehatan,P0317,U0026,3.8,1080000
Allianz Flexi Medical,Kesehatan,P0318,U0048,3,5160000
SmartHealth Maxi Violet,Kesehatan,P0319,U0113,3.8,7944000
Simas sehat gold,Kesehatan,P0320,U0120,3.9,1428000
Flexi hospital and surgical,Kesehatan,P0321,U0150,4.3,1376000
Flexi critical ilnes,Kesehatan,P0322,U0019,3.8,76000
Perlindungan Kesehatan Ultima,Kesehatan,P0323,U0084,3.6,5923200
Safety Guard Critical Cover,Kesehatan,P0324,U0036,4.3,5706000
Hospital 100% Refudable,Kesehatan,P0325,U0022,4.6,1236000
Bima Proteksi Kesehatanku,Kesehatan,P0326,U0195,3.8,874800
Pelindung Penyakit Kritis,Kesehatan,P0327,U0142,3.8,217200
Blu Health Protection,Kesehatan,P0328,U0070,3.6,1843200
Proteksi Kesehatan (BCA Life Prokes),Kesehatan,P0329,U0151,5,3072000
Perlindungan Kritis Optima (BCA Life PELITA),Kesehatan,P0330,U0160,4.4,1600800
PRUSehat,Kesehatan,P0331,U0020,3.7,2760000
PRUWell Medical,Kesehatan,P0332,U0159,3.9,6000000
PRUWell Health,Kesehatan,P0333,U0158,3.4,6000000
Premier Hospital & Surgical Saver,Kesehatan,P0334,U0042,3.1,2890964.211
Premier Hospital & Surgical Extra,Kesehatan,P0335,U0197,3.6,2890964.211
Proteksi Kesehatan Ultima (PRATAMA),Kesehatan,P0336,U0155,4.4,2890964.211
AIA Health X,Kesehatan,P0337,U0095,4,2890964.211
Proteksi Prima,Kesehatan,P0338,U0125,3,1315560
Solusi Proteksi Sehat,Kesehatan,P0339,U0125,4.1,1315560
Solusi Dana Kesehatan,Kesehatan,P0340,U0114,4.5,1080000
Allianz Flexi Medical,Kesehatan,P0341,U0172,4.4,5160000
SmartHealth Maxi Violet,Kesehatan,P0342,U0063,2.9,7944000
Simas sehat gold,Kesehatan,P0343,U0146,2.8,1428000
Flexi hospital and surgical,Kesehatan,P0344,U0029,3.3,1376000
Flexi critical ilnes,Kesehatan,P0345,U0188,4.4,76000
Perlindungan Kesehatan Ultima,Kesehatan,P0346,U0045,5,5923200
Safety Guard Critical Cover,Kesehatan,P0347,U0127,3,5706000
Hospital 100% Refudable,Kesehatan,P0348,U0109,4.5,1236000
Bima Proteksi Kesehatanku,Kesehatan,P0349,U0177,2.6,874800
Pelindung Penyakit Kritis,Kesehatan,P0350,U0194,5,217200
Blu Health Protection,Kesehatan,P0351,U0031,3.7,1843200
Proteksi Kesehatan (BCA Life Prokes),Kesehatan,P0352,U0104,4.8,3072000
Perlindungan Kritis Optima (BCA Life PELITA),Kesehatan,P0353,U0066,4,1600800
PRUSehat,Kesehatan,P0354,U0082,2.8,2760000
PRUWell Medical,Kesehatan,P0355,U0033,3.2,6000000
PRUWell Health,Kesehatan,P0356,U0139,4.6,6000000
Premier Hospital & Surgical Saver,Kesehatan,P0357,U0104,3.9,2890964.211
Premier Hospital & Surgical Extra,Kesehatan,P0358,U0106,3.7,2890964.211
Proteksi Kesehatan Ultima (PRATAMA),Kesehatan,P0359,U0172,4.3,2890964.211
AIA Health X,Kesehatan,P0360,U0140,4.7,2890964.211
Proteksi Prima,Kesehatan,P0361,U0124,3.2,1315560
Solusi Proteksi Sehat,Kesehatan,P0362,U0058,3.4,1315560
Solusi Dana Kesehatan,Kesehatan,P0363,U0070,3.3,1080000
Allianz Flexi Medical,Kesehatan,P0364,U0079,3.5,5160000
SmartHealth Maxi Violet,Kesehatan,P0365,U0149,3.4,7944000
Simas sehat gold,Kesehatan,P0366,U0177,4.2,1428000
Flexi hospital and surgical,Kesehatan,P0367,U0162,3.4,1376000
Flexi critical ilnes,Kesehatan,P0368,U0163,4.3,76000
Perlindungan Kesehatan Ultima,Kesehatan,P0369,U0079,5,5923200
Safety Guard Critical Cover,Kesehatan,P0370,U0069,2.8,5706000
Hospital 100% Refudable,Kesehatan,P0371,U0055,4.2,1236000
Bima Proteksi Kesehatanku,Kesehatan,P0372,U0074,3.9,874800
Pelindung Penyakit Kritis,Kesehatan,P0373,U0082,3.5,217200
Blu Health Protection,Kesehatan,P0374,U0198,3.4,1843200
Proteksi Kesehatan (BCA Life Prokes),Kesehatan,P0375,U0139,3.7,3072000
Perlindungan Kritis Optima (BCA Life PELITA),Kesehatan,P0376,U0189,3.1,1600800
PRUSehat,Kesehatan,P0377,U0050,4.6,2760000
PRUWell Medical,Kesehatan,P0378,U0141,4,6000000
PRUWell Health,Kesehatan,P0379,U0028,3.6,6000000
Premier Hospital & Surgical Saver,Kesehatan,P0380,U0128,4,2890964.211
Premier Hospital & Surgical Extra,Kesehatan,P0381,U0186,3.5,2890964.211
Proteksi Kesehatan Ultima (PRATAMA),Kesehatan,P0382,U0180,3.2,2890964.211
AIA Health X,Kesehatan,P0383,U0186,3.9,2890964.211
Proteksi Prima,Kesehatan,P0384,U0159,4.8,1315560
Solusi Proteksi Sehat,Kesehatan,P0385,U0153,4,1315560
Solusi Dana Kesehatan,Kesehatan,P0386,U0200,4.1,1080000
Allianz Flexi Medical,Kesehatan,P0387,U0087,3.6,5160000
SmartHealth Maxi Violet,Kesehatan,P0388,U0116,3.7,7944000
Simas sehat gold,Kesehatan,P0389,U0196,3.4,1428000
Flexi hospital and surgical,Kesehatan,P0390,U0136,3.8,1376000
Flexi critical ilnes,Kesehatan,P0391,U0196,4.4,76000
Perlindungan Kesehatan Ultima,Kesehatan,P0392,U0184,3.5,5923200
Safety Guard Critical Cover,Kesehatan,P0393,U0140,3.8,5706000
Hospital 100% Refudable,Kesehatan,P0394,U0073,4.9,1236000
Bima Proteksi Kesehatanku,Kesehatan,P0395,U0157,4.6,874800
Pelindung Penyakit Kritis,Kesehatan,P0396,U0102,3.5,217200
Blu Health Protection,Kesehatan,P0397,U0056,4.2,1843200
Proteksi Kesehatan (BCA Life Prokes),Kesehatan,P0398,U0126,4.1,3072000
Perlindungan Kritis Optima (BCA Life PELITA),Kesehatan,P0399,U0200,3.2,1600800
PRUSehat,Kesehatan,P0400,U0023,4.2,2760000
PRUWell Medical,Kesehatan,P0401,U0091,4.7,6000000
PRUWell Health,Kesehatan,P0402,U0144,3.7,6000000
Premier Hospital & Surgical Saver,Kesehatan,P0403,U0117,3.3,2890964.211
Premier Hospital & Surgical Extra,Kesehatan,P0404,U0110,4.2,2890964.211
Proteksi Kesehatan Ultima (PRATAMA),Kesehatan,P0405,U0171,3.4,2890964.211
AIA Health X,Kesehatan,P0406,U0066,3.4,2890964.211
Proteksi Prima,Kesehatan,P0407,U0102,4.2,1315560
Solusi Proteksi Sehat,Kesehatan,P0408,U0035,4,1315560
Solusi Dana Kesehatan,Kesehatan,P0409,U0182,4.8,1080000
Allianz Flexi Medical,Kesehatan,P0410,U0182,2.4,5160000
SmartHealth Maxi Violet,Kesehatan,P0411,U0152,4.7,7944000
Simas sehat gold,Kesehatan,P0412,U0020,3.6,1428000
Flexi hospital and surgical,Kesehatan,P0413,U0196,3.3,1376000
Flexi critical ilnes,Kesehatan,P0414,U0158,4,76000
Perlindungan Kesehatan Ultima,Kesehatan,P0415,U0015,4.2,5923200
Safety Guard Critical Cover,Kesehatan,P0416,U0045,4.4,5706000
Hospital 100% Refudable,Kesehatan,P0417,U0063,3.2,1236000
Bima Proteksi Kesehatanku,Kesehatan,P0418,U0093,3,874800
Pelindung Penyakit Kritis,Kesehatan,P0419,U0069,3.7,217200
Blu Health Protection,Kesehatan,P0420,U0029,3.4,1843200
Proteksi Kesehatan (BCA Life Prokes),Kesehatan,P0421,U0048,2.7,3072000
Perlindungan Kritis Optima (BCA Life PELITA),Kesehatan,P0422,U0160,4.1,1600800
PRUSehat,Kesehatan,P0423,U0030,3.6,2760000
PRUWell Medical,Kesehatan,P0424,U0200,4.2,6000000
PRUWell Health,Kesehatan,P0425,U0002,4.2,6000000
Premier Hospital & Surgical Saver,Kesehatan,P0426,U0189,2.4,2890964.211
Premier Hospital & Surgical Extra,Kesehatan,P0427,U0090,2.7,2890964.211
Proteksi Kesehatan Ultima (PRATAMA),Kesehatan,P0428,U0050,4.3,2890964.211
AIA Health X,Kesehatan,P0429,U0178,4,2890964.211
Proteksi Prima,Kesehatan,P0430,U0158,3.4,1315560
Solusi Proteksi Sehat,Kesehatan,P0431,U0083,3.5,1315560
Solusi Dana Kesehatan,Kesehatan,P0432,U0105,5,1080000
Allianz Flexi Medical,Kesehatan,P0433,U0043,4.1,5160000
SmartHealth Maxi Violet,Kesehatan,P0434,U0033,4.2,7944000
Simas sehat gold,Kesehatan,P0435,U0003,3.3,1428000
Flexi hospital and surgical,Kesehatan,P0436,U0056,4.8,1376000
Flexi critical ilnes,Kesehatan,P0437,U0088,4.2,76000
Perlindungan Kesehatan Ultima,Kesehatan,P0438,U0131,3.3,5923200
Safety Guard Critical Cover,Kesehatan,P0439,U0194,3.5,5706000
Hospital 100% Refudable,Kesehatan,P0440,U0134,3.5,1236000
Bima Proteksi Kesehatanku,Kesehatan,P0441,U0069,3.7,874800
Pelindung Penyakit Kritis,Kesehatan,P0442,U0098,4.9,217200
Blu Health Protection,Kesehatan,P0443,U0007,5,1843200
Proteksi Kesehatan (BCA Life Prokes),Kesehatan,P0444,U0183,3.9,3072000
Perlindungan Kritis Optima (BCA Life PELITA),Kesehatan,P0445,U0145,3.6,1600800
PRUSehat,Kesehatan,P0446,U0086,4.2,2760000
PRUWell Medical,Kesehatan,P0447,U0064,3.9,6000000
PRUWell Health,Kesehatan,P0448,U0085,4.3,6000000
Premier Hospital & Surgical Saver,Kesehatan,P0449,U0186,2.9,2890964.211
Premier Hospital & Surgical Extra,Kesehatan,P0450,U0080,4.1,2890964.211
Proteksi Kesehatan Ultima (PRATAMA),Kesehatan,P0451,U0124,2.9,2890964.211
AIA Health X,Kesehatan,P0452,U0162,5,2890964.211
Proteksi Prima,Kesehatan,P0453,U0019,5,1315560
Solusi Proteksi Sehat,Kesehatan,P0454,U0185,3.5,1315560
Solusi Dana Kesehatan,Kesehatan,P0455,U0163,5,1080000
Allianz Flexi Medical,Kesehatan,P0456,U0003,5,5160000
SmartHealth Maxi Violet,Kesehatan,P0457,U0048,4.6,7944000
Simas sehat gold,Kesehatan,P0458,U0106,3.1,1428000
Flexi hospital and surgical,Kesehatan,P0459,U0120,3.9,1376000
Flexi critical ilnes,Kesehatan,P0460,U0194,4.4,76000
Perlindungan Kesehatan Ultima,Kesehatan,P0461,U0154,2.7,5923200
Safety Guard Critical Cover,Kesehatan,P0462,U0118,4.1,5706000
Hospital 100% Refudable,Kesehatan,P0463,U0141,3.3,1236000
Bima Proteksi Kesehatanku,Kesehatan,P0464,U0120,3.8,874800
Pelindung Penyakit Kritis,Kesehatan,P0465,U0178,3.7,217200
Blu Health Protection,Kesehatan,P0466,U0068,4.6,1843200
Proteksi Kesehatan (BCA Life Prokes),Kesehatan,P0467,U0012,3.8,3072000
Perlindungan Kritis Optima (BCA Life PELITA),Kesehatan,P0468,U0058,3.7,1600800
PRUSehat,Kesehatan,P0469,U0192,2.5,2760000
PRUWell Medical,Kesehatan,P0470,U0119,4,6000000
PRUWell Health,Kesehatan,P0471,U0067,4.2,6000000
Premier Hospital & Surgical Saver,Kesehatan,P0472,U0179,5,2890964.211
Premier Hospital & Surgical Extra,Kesehatan,P0473,U0089,4.2,2890964.211
Proteksi Kesehatan Ultima (PRATAMA),Kesehatan,P0474,U0164,3.1,2890964.211
AIA Health X,Kesehatan,P0475,U0025,3.5,2890964.211
Proteksi Prima,Kesehatan,P0476,U0144,3.3,1315560
Solusi Proteksi Sehat,Kesehatan,P0477,U0197,4.9,1315560
Solusi Dana Kesehatan,Kesehatan,P0478,U0040,3.1,1080000
Allianz Flexi Medical,Kesehatan,P0479,U0194,3.8,5160000
SmartHealth Maxi Violet,Kesehatan,P0480,U0020,4.4,7944000
Simas sehat gold,Kesehatan,P0481,U0133,4.2,1428000
Flexi hospital and surgical,Kesehatan,P0482,U0149,3.9,1376000
Flexi critical ilnes,Kesehatan,P0483,U0072,3.9,76000
Perlindungan Kesehatan Ultima,Kesehatan,P0484,U0120,5,5923200
Safety Guard Critical Cover,Kesehatan,P0485,U0122,4.2,5706000
Hospital 100% Refudable,Kesehatan,P0486,U0057,4.4,1236000
Bima Proteksi Kesehatanku,Kesehatan,P0487,U0058,4.5,874800
Pelindung Penyakit Kritis,Kesehatan,P0488,U0107,4,217200
Blu Health Protection,Kesehatan,P0489,U0066,4.3,1843200
Proteksi Kesehatan (BCA Life Prokes),Kesehatan,P0490,U0059,4.8,3072000
Perlindungan Kritis Optima (BCA Life PELITA),Kesehatan,P0491,U0141,4.2,1600800
PRUSehat,Kesehatan,P0492,U0059,3.5,2760000
PRUWell Medical,Kesehatan,P0493,U0164,4.6,6000000
PRUWell Health,Kesehatan,P0494,U0115,3.4,6000000
Premier Hospital & Surgical Saver,Kesehatan,P0495,U0007,3.6,2890964.211
Premier Hospital & Surgical Extra,Kesehatan,P0496,U0095,3.6,2890964.211
Proteksi Kesehatan Ultima (PRATAMA),Kesehatan,P0497,U0078,3.7,2890964.211
AIA Health X,Kesehatan,P0498,U0119,2.9,2890964.211
Proteksi Prima,Kesehatan,P0499,U0024,4.1,1315560
Solusi Proteksi Sehat,Kesehatan,P0500,U0111,3.4,1315560
Solusi Dana Kesehatan,Kesehatan,P0501,U0144,4.6,1080000
Allianz Flexi Medical,Kesehatan,P0502,U0063,2.5,5160000
SmartHealth Maxi Violet,Kesehatan,P0503,U0183,3,7944000
Simas sehat gold,Kesehatan,P0504,U0005,3.2,1428000
Flexi hospital and surgical,Kesehatan,P0505,U0119,3.2,1376000
Flexi critical ilnes,Kesehatan,P0506,U0122,4.3,76000
Perlindungan Kesehatan Ultima,Kesehatan,P0507,U0194,4.1,5923200
Safety Guard Critical Cover,Kesehatan,P0508,U0144,4.9,5706000
Hospital 100% Refudable,Kesehatan,P0509,U0188,4.2,1236000
Bima Proteksi Kesehatanku,Kesehatan,P0510,U0036,4.2,874800
Pelindung Penyakit Kritis,Kesehatan,P0511,U0071,3.9,217200
Blu Health Protection,Kesehatan,P0512,U0109,4.7,1843200
Proteksi Kesehatan (BCA Life Prokes),Kesehatan,P0513,U0178,4.1,3072000
Perlindungan Kritis Optima (BCA Life PELITA),Kesehatan,P0514,U0101,3.6,1600800
PRUSehat,Kesehatan,P0515,U0137,2.9,2760000
PRUWell Medical,Kesehatan,P0516,U0167,3.1,6000000
PRUWell Health,Kesehatan,P0517,U0066,3,6000000
Premier Hospital & Surgical Saver,Kesehatan,P0518,U0159,4,2890964.211
Premier Hospital & Surgical Extra,Kesehatan,P0519,U0139,3.9,2890964.211
Proteksi Kesehatan Ultima (PRATAMA),Kesehatan,P0520,U0164,3.1,2890964.211
AIA Health X,Kesehatan,P0521,U0161,3.2,2890964.211
Proteksi Prima,Kesehatan,P0522,U0167,3.9,1315560
Solusi Proteksi Sehat,Kesehatan,P0523,U0012,4,1315560
Solusi Dana Kesehatan,Kesehatan,P0524,U0129,4.4,1080000
Allianz Flexi Medical,Kesehatan,P0525,U0116,4.4,5160000
SmartHealth Maxi Violet,Kesehatan,P0526,U0133,4.4,7944000
Simas sehat gold,Kesehatan,P0527,U0196,3.9,1428000
Flexi hospital and surgical,Kesehatan,P0528,U0003,4,1376000
Flexi critical ilnes,Kesehatan,P0529,U0161,4.4,76000
Perlindungan Kesehatan Ultima,Kesehatan,P0530,U0092,4.1,5923200
Safety Guard Critical Cover,Kesehatan,P0531,U0035,4.3,5706000
Hospital 100% Refudable,Kesehatan,P0532,U0043,3.5,1236000
Bima Proteksi Kesehatanku,Kesehatan,P0533,U0065,4.5,874800
Pelindung Penyakit Kritis,Kesehatan,P0534,U0083,3.3,217200
Blu Health Protection,Kesehatan,P0535,U0179,4.1,1843200
Proteksi Kesehatan (BCA Life Prokes),Kesehatan,P0536,U0010,4.7,3072000
Perlindungan Kritis Optima (BCA Life PELITA),Kesehatan,P0537,U0100,4.2,1600800
PRUSehat,Kesehatan,P0538,U0190,4.4,2760000
PRUWell Medical,Kesehatan,P0539,U0136,4.3,6000000
PRUWell Health,Kesehatan,P0540,U0180,5,6000000
Premier Hospital & Surgical Saver,Kesehatan,P0541,U0004,3.4,2890964.211
Premier Hospital & Surgical Extra,Kesehatan,P0542,U0020,3.9,2890964.211
Proteksi Kesehatan Ultima (PRATAMA),Kesehatan,P0543,U0127,4.8,2890964.211
AIA Health X,Kesehatan,P0544,U0112,4,2890964.211
Proteksi Prima,Kesehatan,P0545,U0055,3.4,1315560
Solusi Proteksi Sehat,Kesehatan,P0546,U0092,3.4,1315560
Solusi Dana Kesehatan,Kesehatan,P0547,U0037,3.6,1080000
Allianz Flexi Medical,Kesehatan,P0548,U0123,4.8,5160000
SmartHealth Maxi Violet,Kesehatan,P0549,U0126,4.7,7944000
Simas sehat gold,Kesehatan,P0550,U0084,4,1428000
Flexi hospital and surgical,Kesehatan,P0551,U0103,4.4,1376000
Flexi critical ilnes,Kesehatan,P0552,U0075,3.8,76000
Perlindungan Kesehatan Ultima,Kesehatan,P0553,U0147,2.5,5923200
Safety Guard Critical Cover,Kesehatan,P0554,U0135,3.6,5706000
Hospital 100% Refudable,Kesehatan,P0555,U0003,3.4,1236000
Bima Proteksi Kesehatanku,Kesehatan,P0556,U0051,2.4,874800
Pelindung Penyakit Kritis,Kesehatan,P0557,U0121,3.4,217200
Blu Health Protection,Kesehatan,P0558,U0047,2.9,1843200
Proteksi Kesehatan (BCA Life Prokes),Kesehatan,P0559,U0134,3.7,3072000
Perlindungan Kritis Optima (BCA Life PELITA),Kesehatan,P0560,U0067,5,1600800
PRUSehat,Kesehatan,P0561,U0007,3.9,2760000
PRUWell Medical,Kesehatan,P0562,U0058,4,6000000
PRUWell Health,Kesehatan,P0563,U0073,3.7,6000000
Premier Hospital & Surgical Saver,Kesehatan,P0564,U0190,3.8,2890964.211
Premier Hospital & Surgical Extra,Kesehatan,P0565,U0093,4,2890964.211
Proteksi Kesehatan Ultima (PRATAMA),Kesehatan,P0566,U0177,4.5,2890964.211
AIA Health X,Kesehatan,P0567,U0158,4.9,2890964.211
Proteksi Prima,Kesehatan,P0568,U0020,4.4,1315560
Solusi Proteksi Sehat,Kesehatan,P0569,U0021,3.5,1315560
Solusi Dana Kesehatan,Kesehatan,P0570,U0105,3.6,1080000
Allianz Flexi Medical,Kesehatan,P0571,U0059,3.7,5160000
SmartHealth Maxi Violet,Kesehatan,P0572,U0120,5,7944000
Simas sehat gold,Kesehatan,P0573,U0091,4.6,1428000
Flexi hospital and surgical,Kesehatan,P0574,U0177,4.7,1376000
Flexi critical ilnes,Kesehatan,P0575,U0188,2.8,76000
Perlindungan Kesehatan Ultima,Kesehatan,P0576,U0132,5,5923200
Safety Guard Critical Cover,Kesehatan,P0577,U0195,3.3,5706000
Hospital 100% Refudable,Kesehatan,P0578,U0072,4.7,1236000
Bima Proteksi Kesehatanku,Kesehatan,P0579,U0200,2.7,874800
Pelindung Penyakit Kritis,Kesehatan,P0580,U0008,3.8,217200
Blu Health Protection,Kesehatan,P0581,U0111,4.7,1843200
Proteksi Kesehatan (BCA Life Prokes),Kesehatan,P0582,U0187,3.3,3072000
Perlindungan Kritis Optima (BCA Life PELITA),Kesehatan,P0583,U0093,3.4,1600800
PRUSehat,Kesehatan,P0584,U0149,4.4,2760000
PRUWell Medical,Kesehatan,P0585,U0103,3.7,6000000
PRUWell Health,Kesehatan,P0586,U0133,5,6000000
Premier Hospital & Surgical Saver,Kesehatan,P0587,U0176,4.6,2890964.211
Premier Hospital & Surgical Extra,Kesehatan,P0588,U0153,3.4,2890964.211
Proteksi Kesehatan Ultima (PRATAMA),Kesehatan,P0589,U0030,3,2890964.211
AIA Health X,Kesehatan,P0590,U0143,3.1,2890964.211
Proteksi Prima,Kesehatan,P0591,U0004,3.8,1315560
Solusi Proteksi Sehat,Kesehatan,P0592,U0093,4,1315560
Solusi Dana Kesehatan,Kesehatan,P0593,U0120,3.7,1080000
Allianz Flexi Medical,Kesehatan,P0594,U0044,4.3,5160000
SmartHealth Maxi Violet,Kesehatan,P0595,U0079,4.3,7944000
Simas sehat gold,Kesehatan,P0596,U0094,4.7,1428000
Flexi hospital and surgical,Kesehatan,P0597,U0003,3.7,1376000
Flexi critical ilnes,Kesehatan,P0598,U0081,3.5,76000
Perlindungan Kesehatan Ultima,Kesehatan,P0599,U0187,3.1,5923200
Safety Guard Critical Cover,Kesehatan,P0600,U0161,5,5706000
Hospital 100% Refudable,Kesehatan,P0601,U0114,4.2,1236000
Bima Proteksi Kesehatanku,Kesehatan,P0602,U0060,3.6,874800
Pelindung Penyakit Kritis,Kesehatan,P0603,U0197,4.1,217200
Blu Health Protection,Kesehatan,P0604,U0043,3.4,1843200
Proteksi Kesehatan (BCA Life Prokes),Kesehatan,P0605,U0121,5,3072000
Perlindungan Kritis Optima (BCA Life PELITA),Kesehatan,P0606,U0047,4.7,1600800
PRUSehat,Kesehatan,P0607,U0029,3.5,2760000
PRUWell Medical,Kesehatan,P0608,U0190,4.5,6000000
PRUWell Health,Kesehatan,P0609,U0141,4.2,6000000
Premier Hospital & Surgical Saver,Kesehatan,P0610,U0077,3.8,2890964.211
Premier Hospital & Surgical Extra,Kesehatan,P0611,U0169,3.5,2890964.211
Proteksi Kesehatan Ultima (PRATAMA),Kesehatan,P0612,U0074,4.3,2890964.211
AIA Health X,Kesehatan,P0613,U0121,4.4,2890964.211
Proteksi Prima,Kesehatan,P0614,U0087,4,1315560
Solusi Proteksi Sehat,Kesehatan,P0615,U0188,3.7,1315560
Solusi Dana Kesehatan,Kesehatan,P0616,U0172,3.8,1080000
Allianz Flexi Medical,Kesehatan,P0617,U0022,4.5,5160000
SmartHealth Maxi Violet,Kesehatan,P0618,U0169,2.8,7944000
Simas sehat gold,Kesehatan,P0619,U0143,3.2,1428000
Flexi hospital and surgical,Kesehatan,P0620,U0180,2.7,1376000
Flexi critical ilnes,Kesehatan,P0621,U0135,4.3,76000
Perlindungan Kesehatan Ultima,Kesehatan,P0622,U0180,4.5,5923200
Safety Guard Critical Cover,Kesehatan,P0623,U0168,3.8,5706000
Hospital 100% Refudable,Kesehatan,P0624,U0166,3.4,1236000
Bima Proteksi Kesehatanku,Kesehatan,P0625,U0183,4.3,874800
Pelindung Penyakit Kritis,Kesehatan,P0626,U0083,3.2,217200
Blu Health Protection,Kesehatan,P0627,U0185,3.9,1843200
Proteksi Kesehatan (BCA Life Prokes),Kesehatan,P0628,U0054,3.7,3072000
Perlindungan Kritis Optima (BCA Life PELITA),Kesehatan,P0629,U0086,3.5,1600800
PRUSehat,Kesehatan,P0630,U0166,4.2,2760000
PRUWell Medical,Kesehatan,P0631,U0056,4.1,6000000
PRUWell Health,Kesehatan,P0632,U0196,4.1,6000000
Premier Hospital & Surgical Saver,Kesehatan,P0633,U0074,3.7,2890964.211
Premier Hospital & Surgical Extra,Kesehatan,P0634,U0157,4.3,2890964.211
Proteksi Kesehatan Ultima (PRATAMA),Kesehatan,P0635,U0180,4.7,2890964.211
AIA Health X,Kesehatan,P0636,U0172,3.4,2890964.211
Proteksi Prima,Kesehatan,P0637,U0157,3.2,1315560
Solusi Proteksi Sehat,Kesehatan,P0638,U0095,3.2,1315560
Solusi Dana Kesehatan,Kesehatan,P0639,U0131,4,1080000
Allianz Flexi Medical,Kesehatan,P0640,U0141,4.2,5160000
SmartHealth Maxi Violet,Kesehatan,P0641,U0117,3.7,7944000
Simas sehat gold,Kesehatan,P0642,U0003,3.6,1428000
Flexi hospital and surgical,Kesehatan,P0643,U0119,4.8,1376000
Flexi critical ilnes,Kesehatan,P0644,U0140,3.7,76000
Perlindungan Kesehatan Ultima,Kesehatan,P0645,U0173,3.2,5923200
Safety Guard Critical Cover,Kesehatan,P0646,U0005,4.3,5706000
Hospital 100% Refudable,Kesehatan,P0647,U0073,4.7,1236000
Bima Proteksi Kesehatanku,Kesehatan,P0648,U0120,4.3,874800
Pelindung Penyakit Kritis,Kesehatan,P0649,U0169,4,217200
Blu Health Protection,Kesehatan,P0650,U0001,5,1843200
Proteksi Kesehatan (BCA Life Prokes),Kesehatan,P0651,U0200,3.9,3072000
Perlindungan Kritis Optima (BCA Life PELITA),Kesehatan,P0652,U0100,4.5,1600800
PRUSehat,Kesehatan,P0653,U0193,4.4,2760000
PRUWell Medical,Kesehatan,P0654,U0030,5,6000000
PRUWell Health,Kesehatan,P0655,U0062,3.6,6000000
Premier Hospital & Surgical Saver,Kesehatan,P0656,U0008,3.8,2890964.211
Premier Hospital & Surgical Extra,Kesehatan,P0657,U0139,3.6,2890964.211
Proteksi Kesehatan Ultima (PRATAMA),Kesehatan,P0658,U0133,3.6,2890964.211
AIA Health X,Kesehatan,P0659,U0109,2.9,2890964.211
Proteksi Prima,Kesehatan,P0660,U0009,3.9,1315560
Solusi Proteksi Sehat,Kesehatan,P0661,U0151,3.4,1315560
Solusi Dana Kesehatan,Kesehatan,P0662,U0179,3.9,1080000
Allianz Flexi Medical,Kesehatan,P0663,U0175,4.8,5160000
SmartHealth Maxi Violet,Kesehatan,P0664,U0045,4.3,7944000
Simas sehat gold,Kesehatan,P0665,U0080,4,1428000
Flexi hospital and surgical,Kesehatan,P0666,U0166,4.6,1376000
Flexi critical ilnes,Kesehatan,P0667,U0151,3.8,76000
Perlindungan Kesehatan Ultima,Kesehatan,P0668,U0062,3.5,5923200
Safety Guard Critical Cover,Kesehatan,P0669,U0088,2.5,5706000
Hospital 100% Refudable,Kesehatan,P0670,U0025,3.9,1236000
Bima Proteksi Kesehatanku,Kesehatan,P0671,U0140,5,874800
Pelindung Penyakit Kritis,Kesehatan,P0672,U0127,2.8,217200
Blu Health Protection,Kesehatan,P0673,U0030,5,1843200
Proteksi Kesehatan (BCA Life Prokes),Kesehatan,P0674,U0179,3.8,3072000
Perlindungan Kritis Optima (BCA Life PELITA),Kesehatan,P0675,U0037,4.7,1600800
PRUSehat,Kesehatan,P0676,U0022,3.2,2760000
PRUWell Medical,Kesehatan,P0677,U0004,4.2,6000000
PRUWell Health,Kesehatan,P0678,U0197,3.9,6000000
Premier Hospital & Surgical Saver,Kesehatan,P0679,U0083,2.9,2890964.211
Premier Hospital & Surgical Extra,Kesehatan,P0680,U0058,4.6,2890964.211
Proteksi Kesehatan Ultima (PRATAMA),Kesehatan,P0681,U0136,3.3,2890964.211
AIA Health X,Kesehatan,P0682,U0159,2.6,2890964.211
Proteksi Prima,Kesehatan,P0683,U0014,3.8,1315560
Solusi Proteksi Sehat,Kesehatan,P0684,U0156,4.6,1315560
Solusi Dana Kesehatan,Kesehatan,P0685,U0158,3.5,1080000
Allianz Flexi Medical,Kesehatan,P0686,U0126,5,5160000
SmartHealth Maxi Violet,Kesehatan,P0687,U0153,4.1,7944000
Simas sehat gold,Kesehatan,P0688,U0142,5,1428000
Flexi hospital and surgical,Kesehatan,P0689,U0096,3.6,1376000
Flexi critical ilnes,Kesehatan,P0690,U0044,3.6,76000
Perlindungan Kesehatan Ultima,Kesehatan,P0691,U0011,4.6,5923200
Safety Guard Critical Cover,Kesehatan,P0692,U0062,4.4,5706000
Hospital 100% Refudable,Kesehatan,P0693,U0148,5,1236000
Bima Proteksi Kesehatanku,Kesehatan,P0694,U0189,4.2,874800
Pelindung Penyakit Kritis,Kesehatan,P0695,U0009,3.5,217200
Blu Health Protection,Kesehatan,P0696,U0109,4.1,1843200
Proteksi Kesehatan (BCA Life Prokes),Kesehatan,P0697,U0081,3.7,3072000
Perlindungan Kritis Optima (BCA Life PELITA),Kesehatan,P0698,U0070,3.8,1600800
PRUSehat,Kesehatan,P0699,U0152,4.2,2760000
PRUWell Medical,Kesehatan,P0700,U0063,3.3,6000000
PRUWell Health,Kesehatan,P0701,U0071,3.6,6000000
Premier Hospital & Surgical Saver,Kesehatan,P0702,U0176,3,2890964.211
Premier Hospital & Surgical Extra,Kesehatan,P0703,U0048,5,2890964.211
Proteksi Kesehatan Ultima (PRATAMA),Kesehatan,P0704,U0012,4,2890964.211
AIA Health X,Kesehatan,P0705,U0061,5,2890964.211
Proteksi Prima,Kesehatan,P0706,U0066,3.3,1315560
Solusi Proteksi Sehat,Kesehatan,P0707,U0142,3.8,1315560
Solusi Dana Kesehatan,Kesehatan,P0708,U0060,4.9,1080000
Allianz Flexi Medical,Kesehatan,P0709,U0130,3.5,5160000
SmartHealth Maxi Violet,Kesehatan,P0710,U0179,4.2,7944000
Simas sehat gold,Kesehatan,P0711,U0002,5,1428000
Flexi hospital and surgical,Kesehatan,P0712,U0141,1.5,1376000
Flexi critical ilnes,Kesehatan,P0713,U0135,2.3,76000
Perlindungan Kesehatan Ultima,Kesehatan,P0714,U0183,4.1,5923200
Safety Guard Critical Cover,Kesehatan,P0715,U0140,3.3,5706000
Hospital 100% Refudable,Kesehatan,P0716,U0106,2.8,1236000
Bima Proteksi Kesehatanku,Kesehatan,P0717,U0139,3,874800
Pelindung Penyakit Kritis,Kesehatan,P0718,U0114,4.1,217200
Blu Health Protection,Kesehatan,P0719,U0199,3.7,1843200
Proteksi Kesehatan (BCA Life Prokes),Kesehatan,P0720,U0022,3.9,3072000
Perlindungan Kritis Optima (BCA Life PELITA),Kesehatan,P0721,U0073,3.3,1600800
PRUSehat,Kesehatan,P0722,U0128,4,2760000
PRUWell Medical,Kesehatan,P0723,U0106,4.4,6000000
PRUWell Health,Kesehatan,P0724,U0030,3.4,6000000
Premier Hospital & Surgical Saver,Kesehatan,P0725,U0010,3.8,2890964.211
Premier Hospital & Surgical Extra,Kesehatan,P0726,U0062,3.8,2890964.211
Proteksi Kesehatan Ultima (PRATAMA),Kesehatan,P0727,U0155,5,2890964.211
AIA Health X,Kesehatan,P0728,U0175,4.6,2890964.211
Proteksi Prima,Kesehatan,P0729,U0002,3.2,1315560
Solusi Proteksi Sehat,Kesehatan,P0730,U0179,5,1315560
Solusi Dana Kesehatan,Kesehatan,P0731,U0120,4.3,1080000
Allianz Flexi Medical,Kesehatan,P0732,U0136,4.3,5160000
SmartHealth Maxi Violet,Kesehatan,P0733,U0156,4.3,7944000
Simas sehat gold,Kesehatan,P0734,U0188,4.3,1428000
Flexi hospital and surgical,Kesehatan,P0735,U0180,5,1376000
Flexi critical ilnes,Kesehatan,P0736,U0041,3.8,76000
Perlindungan Kesehatan Ultima,Kesehatan,P0737,U0089,2.6,5923200
Safety Guard Critical Cover,Kesehatan,P0738,U0073,3.7,5706000
Hospital 100% Refudable,Kesehatan,P0739,U0141,4.3,1236000
Bima Proteksi Kesehatanku,Kesehatan,P0740,U0145,3.1,874800
Pelindung Penyakit Kritis,Kesehatan,P0741,U0195,2.7,217200
Blu Health Protection,Kesehatan,P0742,U0070,5,1843200
Proteksi Kesehatan (BCA Life Prokes),Kesehatan,P0743,U0057,4.3,3072000
Perlindungan Kritis Optima (BCA Life PELITA),Kesehatan,P0744,U0040,4.5,1600800
PRUSehat,Kesehatan,P0745,U0104,3.9,2760000
PRUWell Medical,Kesehatan,P0746,U0125,4.2,6000000
PRUWell Health,Kesehatan,P0747,U0041,3.4,6000000
Premier Hospital & Surgical Saver,Kesehatan,P0748,U0106,4.7,2890964.211
Premier Hospital & Surgical Extra,Kesehatan,P0749,U0116,3.8,2890964.211
Proteksi Kesehatan Ultima (PRATAMA),Kesehatan,P0750,U0195,2.8,2890964.211
AIA Health X,Kesehatan,P0751,U0139,3.5,2890964.211
Proteksi Prima,Kesehatan,P0752,U0105,4.5,1315560
Solusi Proteksi Sehat,Kesehatan,P0753,U0152,3.1,1315560
Solusi Dana Kesehatan,Kesehatan,P0754,U0105,3.9,1080000
Allianz Flexi Medical,Kesehatan,P0755,U0076,4.6,5160000
SmartHealth Maxi Violet,Kesehatan,P0756,U0191,3.8,7944000
Simas sehat gold,Kesehatan,P0757,U0190,3.2,1428000
Flexi hospital and surgical,Kesehatan,P0758,U0142,3.7,1376000
Flexi critical ilnes,Kesehatan,P0759,U0157,3.6,76000
Perlindungan Kesehatan Ultima,Kesehatan,P0760,U0062,3.7,5923200
Safety Guard Critical Cover,Kesehatan,P0761,U0096,4.1,5706000
Hospital 100% Refudable,Kesehatan,P0762,U0125,4,1236000
Bima Proteksi Kesehatanku,Kesehatan,P0763,U0085,3.8,874800
Pelindung Penyakit Kritis,Kesehatan,P0764,U0192,5,217200
Blu Health Protection,Kesehatan,P0765,U0078,2.6,1843200
Proteksi Kesehatan (BCA Life Prokes),Kesehatan,P0766,U0083,4.3,3072000
Perlindungan Kritis Optima (BCA Life PELITA),Kesehatan,P0767,U0117,4.4,1600800
PRUSehat,Kesehatan,P0768,U0054,4.3,2760000
PRUWell Medical,Kesehatan,P0769,U0030,5,6000000
PRUWell Health,Kesehatan,P0770,U0170,3.4,6000000
Premier Hospital & Surgical Saver,Kesehatan,P0771,U0005,2.4,2890964.211
Premier Hospital & Surgical Extra,Kesehatan,P0772,U0082,4.3,2890964.211
Proteksi Kesehatan Ultima (PRATAMA),Kesehatan,P0773,U0197,4.3,2890964.211
AIA Health X,Kesehatan,P0774,U0162,4.9,2890964.211
Proteksi Prima,Kesehatan,P0775,U0002,3.6,1315560
Solusi Proteksi Sehat,Kesehatan,P0776,U0156,5,1315560
Solusi Dana Kesehatan,Kesehatan,P0777,U0037,4.7,1080000
Allianz Flexi Medical,Kesehatan,P0778,U0175,4.3,5160000
SmartHealth Maxi Violet,Kesehatan,P0779,U0199,4.2,7944000
Simas sehat gold,Kesehatan,P0780,U0049,4,1428000
Flexi hospital and surgical,Kesehatan,P0781,U0138,4.2,1376000
Flexi critical ilnes,Kesehatan,P0782,U0102,4.2,76000
Perlindungan Kesehatan Ultima,Kesehatan,P0783,U0191,3.5,5923200
Safety Guard Critical Cover,Kesehatan,P0784,U0151,2.8,5706000
Hospital 100% Refudable,Kesehatan,P0785,U0198,4.7,1236000
Bima Proteksi Kesehatanku,Kesehatan,P0786,U0079,3.7,874800
Pelindung Penyakit Kritis,Kesehatan,P0787,U0008,3.8,217200
Blu Health Protection,Kesehatan,P0788,U0096,3.8,1843200
Proteksi Kesehatan (BCA Life Prokes),Kesehatan,P0789,U0086,4.8,3072000
Perlindungan Kritis Optima (BCA Life PELITA),Kesehatan,P0790,U0136,4.6,1600800
PRUSehat,Kesehatan,P0791,U0168,5,2760000
PRUWell Medical,Kesehatan,P0792,U0048,3.3,6000000
PRUWell Health,Kesehatan,P0793,U0090,4.8,6000000
Premier Hospital & Surgical Saver,Kesehatan,P0794,U0147,3.8,2890964.211
Premier Hospital & Surgical Extra,Kesehatan,P0795,U0060,5,2890964.211
Proteksi Kesehatan Ultima (PRATAMA),Kesehatan,P0796,U0007,2.9,2890964.211
AIA Health X,Kesehatan,P0797,U0154,4.3,2890964.211
Proteksi Prima,Kesehatan,P0798,U0070,3.8,1315560
Solusi Proteksi Sehat,Kesehatan,P0799,U0125,5,1315560
Solusi Dana Kesehatan,Kesehatan,P0800,U0176,3.9,1080000
Allianz Flexi Medical,Kesehatan,P0801,U0023,5,5160000
SmartHealth Maxi Violet,Kesehatan,P0802,U0110,3.4,7944000
Simas sehat gold,Kesehatan,P0803,U0134,3.6,1428000
Flexi hospital and surgical,Kesehatan,P0804,U0193,2.8,1376000
Flexi critical ilnes,Kesehatan,P0805,U0157,3.3,76000
Perlindungan Kesehatan Ultima,Kesehatan,P0806,U0173,2.9,5923200
Safety Guard Critical Cover,Kesehatan,P0807,U0129,4.5,5706000
Hospital 100% Refudable,Kesehatan,P0808,U0120,4.1,1236000
Bima Proteksi Kesehatanku,Kesehatan,P0809,U0052,4.2,874800
Pelindung Penyakit Kritis,Kesehatan,P0810,U0199,3.5,217200
Blu Health Protection,Kesehatan,P0811,U0057,5,1843200
Proteksi Kesehatan (BCA Life Prokes),Kesehatan,P0812,U0145,4.5,3072000
Perlindungan Kritis Optima (BCA Life PELITA),Kesehatan,P0813,U0106,4.5,1600800
PRUSehat,Kesehatan,P0814,U0081,3.2,2760000
PRUWell Medical,Kesehatan,P0815,U0182,3.4,6000000
PRUWell Health,Kesehatan,P0816,U0145,4.1,6000000
Premier Hospital & Surgical Saver,Kesehatan,P0817,U0045,3.5,2890964.211
Premier Hospital & Surgical Extra,Kesehatan,P0818,U0064,4.5,2890964.211
Proteksi Kesehatan Ultima (PRATAMA),Kesehatan,P0819,U0101,3.5,2890964.211
AIA Health X,Kesehatan,P0820,U0129,4.8,2890964.211
Proteksi Prima,Kesehatan,P0821,U0102,4,1315560
Solusi Proteksi Sehat,Kesehatan,P0822,U0088,4,1315560
Solusi Dana Kesehatan,Kesehatan,P0823,U0192,4.3,1080000
Allianz Flexi Medical,Kesehatan,P0824,U0141,5,5160000
SmartHealth Maxi Violet,Kesehatan,P0825,U0092,4.1,7944000
Simas sehat gold,Kesehatan,P0826,U0083,4.1,1428000
Flexi hospital and surgical,Kesehatan,P0827,U0146,4.2,1376000
Flexi critical ilnes,Kesehatan,P0828,U0166,3.4,76000
Perlindungan Kesehatan Ultima,Kesehatan,P0829,U0067,4.9,5923200
Safety Guard Critical Cover,Kesehatan,P0830,U0177,4.5,5706000
Hospital 100% Refudable,Kesehatan,P0831,U0071,4.5,1236000
Bima Proteksi Kesehatanku,Kesehatan,P0832,U0039,3.7,874800
Pelindung Penyakit Kritis,Kesehatan,P0833,U0117,4,217200
Blu Health Protection,Kesehatan,P0834,U0178,4.1,1843200
Proteksi Kesehatan (BCA Life Prokes),Kesehatan,P0835,U0012,4,3072000
Perlindungan Kritis Optima (BCA Life PELITA),Kesehatan,P0836,U0101,4.9,1600800
PRUSehat,Kesehatan,P0837,U0099,4.5,2760000
PRUWell Medical,Kesehatan,P0838,U0130,4.9,6000000
PRUWell Health,Kesehatan,P0839,U0142,3.6,6000000
Premier Hospital & Surgical Saver,Kesehatan,P0840,U0124,3.2,2890964.211
Premier Hospital & Surgical Extra,Kesehatan,P0841,U0019,3.5,2890964.211
Proteksi Kesehatan Ultima (PRATAMA),Kesehatan,P0842,U0020,3.3,2890964.211
AIA Health X,Kesehatan,P0843,U0050,3.6,2890964.211
Proteksi Prima,Kesehatan,P0844,U0084,4.5,1315560
Solusi Proteksi Sehat,Kesehatan,P0845,U0118,3.4,1315560
Solusi Dana Kesehatan,Kesehatan,P0846,U0097,3.5,1080000
Allianz Flexi Medical,Kesehatan,P0847,U0098,4.1,5160000
SmartHealth Maxi Violet,Kesehatan,P0848,U0001,5,7944000
Simas sehat gold,Kesehatan,P0849,U0040,4.2,1428000
Flexi hospital and surgical,Kesehatan,P0850,U0135,3.2,1376000
Flexi critical ilnes,Kesehatan,P0851,U0100,3.6,76000
Perlindungan Kesehatan Ultima,Kesehatan,P0852,U0043,4.5,5923200
Safety Guard Critical Cover,Kesehatan,P0853,U0085,4.7,5706000
Hospital 100% Refudable,Kesehatan,P0854,U0194,4.7,1236000
Bima Proteksi Kesehatanku,Kesehatan,P0855,U0120,4.4,874800
Pelindung Penyakit Kritis,Kesehatan,P0856,U0150,4.1,217200
Blu Health Protection,Kesehatan,P0857,U0172,4.9,1843200
Proteksi Kesehatan (BCA Life Prokes),Kesehatan,P0858,U0138,5,3072000
Perlindungan Kritis Optima (BCA Life PELITA),Kesehatan,P0859,U0127,4.4,1600800
PRUSehat,Kesehatan,P0860,U0098,2,2760000
PRUWell Medical,Kesehatan,P0861,U0128,2.9,6000000
PRUWell Health,Kesehatan,P0862,U0115,3.9,6000000
Premier Hospital & Surgical Saver,Kesehatan,P0863,U0180,3.4,2890964.211
Premier Hospital & Surgical Extra,Kesehatan,P0864,U0093,4.2,2890964.211
Proteksi Kesehatan Ultima (PRATAMA),Kesehatan,P0865,U0066,3,2890964.211
AIA Health X,Kesehatan,P0866,U0094,3.6,2890964.211
Proteksi Prima,Kesehatan,P0867,U0004,3.7,1315560
Solusi Proteksi Sehat,Kesehatan,P0868,U0179,4.3,1315560
Solusi Dana Kesehatan,Kesehatan,P0869,U0099,4,1080000
Allianz Flexi Medical,Kesehatan,P0870,U0108,1.8,5160000
SmartHealth Maxi Violet,Kesehatan,P0871,U0068,3.3,7944000
Simas sehat gold,Kesehatan,P0872,U0071,5,1428000
Flexi hospital and surgical,Kesehatan,P0873,U0157,4.4,1376000
Flexi critical ilnes,Kesehatan,P0874,U0126,3.3,76000
Perlindungan Kesehatan Ultima,Kesehatan,P0875,U0121,4.5,5923200
Safety Guard Critical Cover,Kesehatan,P0876,U0013,3.9,5706000
Hospital 100% Refudable,Kesehatan,P0877,U0130,3.2,1236000
Bima Proteksi Kesehatanku,Kesehatan,P0878,U0193,2.8,874800
Pelindung Penyakit Kritis,Kesehatan,P0879,U0085,5,217200
Blu Health Protection,Kesehatan,P0880,U0106,4.4,1843200
Proteksi Kesehatan (BCA Life Prokes),Kesehatan,P0881,U0059,4.3,3072000
Perlindungan Kritis Optima (BCA Life PELITA),Kesehatan,P0882,U0074,2.9,1600800
PRUSehat,Kesehatan,P0883,U0185,5,2760000
PRUWell Medical,Kesehatan,P0884,U0124,4.2,6000000
PRUWell Health,Kesehatan,P0885,U0070,3.7,6000000
Premier Hospital & Surgical Saver,Kesehatan,P0886,U0057,4.9,2890964.211
Premier Hospital & Surgical Extra,Kesehatan,P0887,U0096,3.1,2890964.211
Proteksi Kesehatan Ultima (PRATAMA),Kesehatan,P0888,U0159,2.8,2890964.211
AIA Health X,Kesehatan,P0889,U0071,4.2,2890964.211
Proteksi Prima,Kesehatan,P0890,U0035,4.7,1315560
Solusi Proteksi Sehat,Kesehatan,P0891,U0007,3.6,1315560
Solusi Dana Kesehatan,Kesehatan,P0892,U0120,3.5,1080000
Allianz Flexi Medical,Kesehatan,P0893,U0183,5,5160000
SmartHealth Maxi Violet,Kesehatan,P0894,U0173,3.2,7944000
Simas sehat gold,Kesehatan,P0895,U0123,3.9,1428000
Flexi hospital and surgical,Kesehatan,P0896,U0080,5,1376000
Flexi critical ilnes,Kesehatan,P0897,U0049,4.4,76000
Perlindungan Kesehatan Ultima,Kesehatan,P0898,U0036,4.6,5923200
Safety Guard Critical Cover,Kesehatan,P0899,U0101,3.3,5706000
Hospital 100% Refudable,Kesehatan,P0900,U0118,3.5,1236000
Bima Proteksi Kesehatanku,Kesehatan,P0901,U0109,3.9,874800
Pelindung Penyakit Kritis,Kesehatan,P0902,U0077,4.2,217200
Blu Health Protection,Kesehatan,P0903,U0107,4.3,1843200
Proteksi Kesehatan (BCA Life Prokes),Kesehatan,P0904,U0109,4.4,3072000
Perlindungan Kritis Optima (BCA Life PELITA),Kesehatan,P0905,U0052,4.8,1600800
PRUSehat,Kesehatan,P0906,U0061,4.1,2760000
PRUWell Medical,Kesehatan,P0907,U0029,4.5,6000000
PRUWell Health,Kesehatan,P0908,U0058,3.9,6000000
Premier Hospital & Surgical Saver,Kesehatan,P0909,U0037,4.5,2890964.211
Premier Hospital & Surgical Extra,Kesehatan,P0910,U0148,3.4,2890964.211
Proteksi Kesehatan Ultima (PRATAMA),Kesehatan,P0911,U0008,2.7,2890964.211
AIA Health X,Kesehatan,P0912,U0144,1.9,2890964.211
Proteksi Prima,Kesehatan,P0913,U0001,3.7,1315560
Solusi Proteksi Sehat,Kesehatan,P0914,U0045,3.9,1315560
Solusi Dana Kesehatan,Kesehatan,P0915,U0107,3.8,1080000
Allianz Flexi Medical,Kesehatan,P0916,U0061,4.1,5160000
SmartHealth Maxi Violet,Kesehatan,P0917,U0090,4.2,7944000
Simas sehat gold,Kesehatan,P0918,U0138,4.1,1428000
Flexi hospital and surgical,Kesehatan,P0919,U0162,4.9,1376000
Flexi critical ilnes,Kesehatan,P0920,U0014,4.6,76000
Perlindungan Kesehatan Ultima,Kesehatan,P0921,U0140,2.8,5923200
Safety Guard Critical Cover,Kesehatan,P0922,U0076,5,5706000
Hospital 100% Refudable,Kesehatan,P0923,U0121,3.5,1236000
Bima Proteksi Kesehatanku,Kesehatan,P0924,U0044,4.2,874800
Pelindung Penyakit Kritis,Kesehatan,P0925,U0194,4,217200
Blu Health Protection,Kesehatan,P0926,U0150,4.9,1843200
Proteksi Kesehatan (BCA Life Prokes),Kesehatan,P0927,U0186,4.5,3072000
Perlindungan Kritis Optima (BCA Life PELITA),Kesehatan,P0928,U0150,4,1600800
PRUSehat,Kesehatan,P0929,U0116,2.6,2760000
PRUWell Medical,Kesehatan,P0930,U0063,4.4,6000000
PRUWell Health,Kesehatan,P0931,U0013,3.2,6000000
Premier Hospital & Surgical Saver,Kesehatan,P0932,U0053,3.9,2890964.211
Premier Hospital & Surgical Extra,Kesehatan,P0933,U0155,3.1,2890964.211
Proteksi Kesehatan Ultima (PRATAMA),Kesehatan,P0934,U0035,2.1,2890964.211
AIA Health X,Kesehatan,P0935,U0085,2.5,2890964.211
Proteksi Prima,Kesehatan,P0936,U0188,4.4,1315560
Solusi Proteksi Sehat,Kesehatan,P0937,U0131,4.6,1315560
Solusi Dana Kesehatan,Kesehatan,P0938,U0100,3.5,1080000
Allianz Flexi Medical,Kesehatan,P0939,U0183,4,5160000
SmartHealth Maxi Violet,Kesehatan,P0940,U0082,3.9,7944000
Simas sehat gold,Kesehatan,P0941,U0097,4.2,1428000
Flexi hospital and surgical,Kesehatan,P0942,U0180,4.6,1376000
Flexi critical ilnes,Kesehatan,P0943,U0017,4,76000
Perlindungan Kesehatan Ultima,Kesehatan,P0944,U0061,4.1,5923200
Safety Guard Critical Cover,Kesehatan,P0945,U0030,3.9,5706000
Hospital 100% Refudable,Kesehatan,P0946,U0065,3.3,1236000
Bima Proteksi Kesehatanku,Kesehatan,P0947,U0164,4.1,874800
Pelindung Penyakit Kritis,Kesehatan,P0948,U0136,2.9,217200
Blu Health Protection,Kesehatan,P0949,U0104,4.6,1843200
Proteksi Kesehatan (BCA Life Prokes),Kesehatan,P0950,U0194,4.3,3072000
Perlindungan Kritis Optima (BCA Life PELITA),Kesehatan,P0951,U0061,4.9,1600800
PRUSehat,Kesehatan,P0952,U0063,3.1,2760000
PRUWell Medical,Kesehatan,P0953,U0120,3.4,6000000
PRUWell Health,Kesehatan,P0954,U0032,5,6000000
Premier Hospital & Surgical Saver,Kesehatan,P0955,U0021,4.6,2890964.211
Premier Hospital & Surgical Extra,Kesehatan,P0956,U0130,3.4,2890964.211
Proteksi Kesehatan Ultima (PRATAMA),Kesehatan,P0957,U0088,4.7,2890964.211
AIA Health X,Kesehatan,P0958,U0163,4.6,2890964.211
Proteksi Prima,Kesehatan,P0959,U0049,2.7,1315560
Solusi Proteksi Sehat,Kesehatan,P0960,U0182,3.5,1315560
Solusi Dana Kesehatan,Kesehatan,P0961,U0125,4.9,1080000
Allianz Flexi Medical,Kesehatan,P0962,U0064,4.1,5160000
SmartHealth Maxi Violet,Kesehatan,P0963,U0001,3.8,7944000
Simas sehat gold,Kesehatan,P0964,U0154,3.5,1428000
Flexi hospital and surgical,Kesehatan,P0965,U0061,4.5,1376000
Flexi critical ilnes,Kesehatan,P0966,U0128,3.3,76000
Perlindungan Kesehatan Ultima,Kesehatan,P0967,U0106,4.1,5923200
Safety Guard Critical Cover,Kesehatan,P0968,U0156,4.4,5706000
Hospital 100% Refudable,Kesehatan,P0969,U0002,3.8,1236000
Bima Proteksi Kesehatanku,Kesehatan,P0970,U0097,4.5,874800
Pelindung Penyakit Kritis,Kesehatan,P0971,U0082,3.1,217200
Blu Health Protection,Kesehatan,P0972,U0097,5,1843200
Proteksi Kesehatan (BCA Life Prokes),Kesehatan,P0973,U0162,3.8,3072000
Perlindungan Kritis Optima (BCA Life PELITA),Kesehatan,P0974,U0192,4.6,1600800
PRUSehat,Kesehatan,P0975,U0088,4.9,2760000
PRUWell Medical,Kesehatan,P0976,U0129,3,6000000
PRUWell Health,Kesehatan,P0977,U0167,3.2,6000000
Premier Hospital & Surgical Saver,Kesehatan,P0978,U0095,3.9,2890964.211
Premier Hospital & Surgical Extra,Kesehatan,P0979,U0143,3.9,2890964.211
Proteksi Kesehatan Ultima (PRATAMA),Kesehatan,P0980,U0064,3.9,2890964.211
AIA Health X,Kesehatan,P0981,U0097,4.3,2890964.211
Proteksi Prima,Kesehatan,P0982,U0031,4.7,1315560
Solusi Proteksi Sehat,Kesehatan,P0983,U0175,5,1315560
Solusi Dana Kesehatan,Kesehatan,P0984,U0141,2.3,1080000
Allianz Flexi Medical,Kesehatan,P0985,U0199,4.7,5160000
SmartHealth Maxi Violet,Kesehatan,P0986,U0111,3.9,7944000
Simas sehat gold,Kesehatan,P0987,U0167,4.2,1428000
Flexi hospital and surgical,Kesehatan,P0988,U0007,3.8,1376000
Flexi critical ilnes,Kesehatan,P0989,U0014,4.2,76000
Perlindungan Kesehatan Ultima,Kesehatan,P0990,U0081,3.6,5923200
Safety Guard Critical Cover,Kesehatan,P0991,U0114,5,5706000
Hospital 100% Refudable,Kesehatan,P0992,U0053,3,1236000
Bima Proteksi Kesehatanku,Kesehatan,P0993,U0153,5,874800
Pelindung Penyakit Kritis,Kesehatan,P0994,U0169,3.5,217200
Blu Health Protection,Kesehatan,P0995,U0063,4.5,1843200
Proteksi Kesehatan (BCA Life Prokes),Kesehatan,P0996,U0143,5,3072000
Perlindungan Kritis Optima (BCA Life PELITA),Kesehatan,P0997,U0007,3.3,1600800
PRUSehat,Kesehatan,P0998,U0031,4.9,2760000
PRUWell Medical,Kesehatan,P0999,U0049,4.6,6000000
PRUWell Health,Kesehatan,P1000,U0105,3.6,6000000
